,Team,WinLossPerc,Season
1,Baltimore Colts,0.846,1970
2,Miami Dolphins,0.714,1970
3,New York Jets,0.286,1970
4,Buffalo Bills,0.231,1970
5,Boston Patriots,0.143,1970
7,Cincinnati Bengals,0.571,1970
8,Cleveland Browns,0.5,1970
9,Pittsburgh Steelers,0.357,1970
10,Houston Oilers,0.231,1970
12,Oakland Raiders,0.667,1970
13,Kansas City Chiefs,0.583,1970
14,San Diego Chargers,0.455,1970
15,Denver Broncos,0.385,1970
1,Dallas Cowboys,0.714,1970
2,New York Giants,0.643,1970
3,St Louis Cardinals,0.615,1970
4,Washington Redskins,0.429,1970
5,Philadelphia Eagles,0.231,1970
7,Minnesota Vikings,0.857,1970
8,Detroit Lions,0.714,1970
9,Green Bay Packers,0.429,1970
10,Chicago Bears,0.429,1970
12,San Francisco 49ers,0.769,1970
13,Los Angeles Rams,0.692,1970
14,Atlanta Falcons,0.333,1970
15,New Orleans Saints,0.154,1970
1,Miami Dolphins,0.769,1971
2,Baltimore Colts,0.714,1971
3,New England Patriots,0.429,1971
4,New York Jets,0.429,1971
5,Buffalo Bills,0.071,1971
7,Cleveland Browns,0.643,1971
8,Pittsburgh Steelers,0.429,1971
9,Houston Oilers,0.308,1971
10,Cincinnati Bengals,0.286,1971
12,Kansas City Chiefs,0.769,1971
13,Oakland Raiders,0.667,1971
14,San Diego Chargers,0.429,1971
15,Denver Broncos,0.308,1971
1,Dallas Cowboys,0.786,1971
2,Washington Redskins,0.692,1971
3,Philadelphia Eagles,0.462,1971
4,St Louis Cardinals,0.308,1971
5,New York Giants,0.286,1971
7,Minnesota Vikings,0.786,1971
8,Detroit Lions,0.538,1971
9,Chicago Bears,0.429,1971
10,Green Bay Packers,0.333,1971
12,San Francisco 49ers,0.643,1971
13,Los Angeles Rams,0.615,1971
14,Atlanta Falcons,0.538,1971
15,New Orleans Saints,0.333,1971
1,Miami Dolphins,1.0,1972
2,New York Jets,0.5,1972
3,Baltimore Colts,0.357,1972
4,Buffalo Bills,0.321,1972
5,New England Patriots,0.214,1972
7,Pittsburgh Steelers,0.786,1972
8,Cleveland Browns,0.714,1972
9,Cincinnati Bengals,0.571,1972
10,Houston Oilers,0.071,1972
12,Oakland Raiders,0.75,1972
13,Kansas City Chiefs,0.571,1972
14,Denver Broncos,0.357,1972
15,San Diego Chargers,0.321,1972
1,Washington Redskins,0.786,1972
2,Dallas Cowboys,0.714,1972
3,New York Giants,0.571,1972
4,St Louis Cardinals,0.321,1972
5,Philadelphia Eagles,0.179,1972
7,Green Bay Packers,0.714,1972
8,Detroit Lions,0.607,1972
9,Minnesota Vikings,0.5,1972
10,Chicago Bears,0.321,1972
12,San Francisco 49ers,0.607,1972
13,Atlanta Falcons,0.5,1972
14,Los Angeles Rams,0.464,1972
15,New Orleans Saints,0.179,1972
1,Miami Dolphins,0.857,1973
2,Buffalo Bills,0.643,1973
3,New England Patriots,0.357,1973
4,New York Jets,0.286,1973
5,Baltimore Colts,0.286,1973
7,Cincinnati Bengals,0.714,1973
8,Pittsburgh Steelers,0.714,1973
9,Cleveland Browns,0.571,1973
10,Houston Oilers,0.071,1973
12,Oakland Raiders,0.679,1973
13,Kansas City Chiefs,0.571,1973
14,Denver Broncos,0.571,1973
15,San Diego Chargers,0.179,1973
1,Dallas Cowboys,0.714,1973
2,Washington Redskins,0.714,1973
3,Philadelphia Eagles,0.393,1973
4,St Louis Cardinals,0.321,1973
5,New York Giants,0.179,1973
7,Minnesota Vikings,0.857,1973
8,Detroit Lions,0.464,1973
9,Green Bay Packers,0.429,1973
10,Chicago Bears,0.214,1973
12,Los Angeles Rams,0.857,1973
13,Atlanta Falcons,0.643,1973
14,San Francisco 49ers,0.357,1973
15,New Orleans Saints,0.357,1973
1,Miami Dolphins,0.786,1974
2,Buffalo Bills,0.643,1974
3,New England Patriots,0.5,1974
4,New York Jets,0.5,1974
5,Baltimore Colts,0.143,1974
7,Pittsburgh Steelers,0.75,1974
8,Houston Oilers,0.5,1974
9,Cincinnati Bengals,0.5,1974
10,Cleveland Browns,0.286,1974
12,Oakland Raiders,0.857,1974
13,Denver Broncos,0.536,1974
14,Kansas City Chiefs,0.357,1974
15,San Diego Chargers,0.357,1974
1,St Louis Cardinals,0.714,1974
2,Washington Redskins,0.714,1974
3,Dallas Cowboys,0.571,1974
4,Philadelphia Eagles,0.5,1974
5,New York Giants,0.143,1974
7,Minnesota Vikings,0.714,1974
8,Detroit Lions,0.5,1974
9,Green Bay Packers,0.429,1974
10,Chicago Bears,0.286,1974
12,Los Angeles Rams,0.714,1974
13,San Francisco 49ers,0.429,1974
14,New Orleans Saints,0.357,1974
15,Atlanta Falcons,0.214,1974
1,Baltimore Colts,0.714,1975
2,Miami Dolphins,0.714,1975
3,Buffalo Bills,0.571,1975
4,New York Jets,0.214,1975
5,New England Patriots,0.214,1975
7,Pittsburgh Steelers,0.857,1975
8,Cincinnati Bengals,0.786,1975
9,Houston Oilers,0.714,1975
10,Cleveland Browns,0.214,1975
12,Oakland Raiders,0.786,1975
13,Denver Broncos,0.429,1975
14,Kansas City Chiefs,0.357,1975
15,San Diego Chargers,0.143,1975
1,St Louis Cardinals,0.786,1975
2,Dallas Cowboys,0.714,1975
3,Washington Redskins,0.571,1975
4,New York Giants,0.357,1975
5,Philadelphia Eagles,0.286,1975
7,Minnesota Vikings,0.857,1975
8,Detroit Lions,0.5,1975
9,Chicago Bears,0.286,1975
10,Green Bay Packers,0.286,1975
12,Los Angeles Rams,0.857,1975
13,San Francisco 49ers,0.357,1975
14,Atlanta Falcons,0.286,1975
15,New Orleans Saints,0.143,1975
1,Baltimore Colts,0.786,1976
2,New England Patriots,0.786,1976
3,Miami Dolphins,0.429,1976
4,New York Jets,0.214,1976
5,Buffalo Bills,0.143,1976
7,Pittsburgh Steelers,0.714,1976
8,Cincinnati Bengals,0.714,1976
9,Cleveland Browns,0.643,1976
10,Houston Oilers,0.357,1976
12,Oakland Raiders,0.929,1976
13,Denver Broncos,0.643,1976
14,San Diego Chargers,0.429,1976
15,Kansas City Chiefs,0.357,1976
16,Tampa Bay Buccaneers,0.0,1976
1,Dallas Cowboys,0.786,1976
2,Washington Redskins,0.714,1976
3,St Louis Cardinals,0.714,1976
4,Philadelphia Eagles,0.286,1976
5,New York Giants,0.214,1976
7,Minnesota Vikings,0.821,1976
8,Chicago Bears,0.5,1976
9,Detroit Lions,0.429,1976
10,Green Bay Packers,0.357,1976
12,Los Angeles Rams,0.75,1976
13,San Francisco 49ers,0.571,1976
14,Atlanta Falcons,0.286,1976
15,New Orleans Saints,0.286,1976
16,Seattle Seahawks,0.143,1976
1,Baltimore Colts,0.714,1977
2,Miami Dolphins,0.714,1977
3,New England Patriots,0.643,1977
4,Buffalo Bills,0.214,1977
5,New York Jets,0.214,1977
7,Pittsburgh Steelers,0.643,1977
8,Cincinnati Bengals,0.571,1977
9,Houston Oilers,0.571,1977
10,Cleveland Browns,0.429,1977
12,Denver Broncos,0.857,1977
13,Oakland Raiders,0.786,1977
14,San Diego Chargers,0.5,1977
15,Seattle Seahawks,0.357,1977
16,Kansas City Chiefs,0.143,1977
1,Dallas Cowboys,0.857,1977
2,Washington Redskins,0.643,1977
3,St Louis Cardinals,0.5,1977
4,Philadelphia Eagles,0.357,1977
5,New York Giants,0.357,1977
7,Minnesota Vikings,0.643,1977
8,Chicago Bears,0.643,1977
9,Detroit Lions,0.429,1977
10,Green Bay Packers,0.286,1977
11,Tampa Bay Buccaneers,0.143,1977
13,Los Angeles Rams,0.714,1977
14,Atlanta Falcons,0.5,1977
15,San Francisco 49ers,0.357,1977
16,New Orleans Saints,0.214,1977
1,New England Patriots,0.688,1978
2,Miami Dolphins,0.688,1978
3,New York Jets,0.5,1978
4,Buffalo Bills,0.313,1978
5,Baltimore Colts,0.313,1978
7,Pittsburgh Steelers,0.875,1978
8,Houston Oilers,0.625,1978
9,Cleveland Browns,0.5,1978
10,Cincinnati Bengals,0.25,1978
12,Denver Broncos,0.625,1978
13,Oakland Raiders,0.563,1978
14,Seattle Seahawks,0.563,1978
15,San Diego Chargers,0.563,1978
16,Kansas City Chiefs,0.25,1978
1,Dallas Cowboys,0.75,1978
2,Philadelphia Eagles,0.563,1978
3,Washington Redskins,0.5,1978
4,St Louis Cardinals,0.375,1978
5,New York Giants,0.375,1978
7,Minnesota Vikings,0.531,1978
8,Green Bay Packers,0.531,1978
9,Detroit Lions,0.438,1978
10,Chicago Bears,0.438,1978
11,Tampa Bay Buccaneers,0.313,1978
13,Los Angeles Rams,0.75,1978
14,Atlanta Falcons,0.563,1978
15,New Orleans Saints,0.438,1978
16,San Francisco 49ers,0.125,1978
1,Miami Dolphins,0.625,1979
2,New England Patriots,0.563,1979
3,New York Jets,0.5,1979
4,Buffalo Bills,0.438,1979
5,Baltimore Colts,0.313,1979
7,Pittsburgh Steelers,0.75,1979
8,Houston Oilers,0.688,1979
9,Cleveland Browns,0.563,1979
10,Cincinnati Bengals,0.25,1979
12,San Diego Chargers,0.75,1979
13,Denver Broncos,0.625,1979
14,Seattle Seahawks,0.563,1979
15,Oakland Raiders,0.563,1979
16,Kansas City Chiefs,0.438,1979
1,Dallas Cowboys,0.688,1979
2,Philadelphia Eagles,0.688,1979
3,Washington Redskins,0.625,1979
4,New York Giants,0.375,1979
5,St Louis Cardinals,0.313,1979
7,Tampa Bay Buccaneers,0.625,1979
8,Chicago Bears,0.625,1979
9,Minnesota Vikings,0.438,1979
10,Green Bay Packers,0.313,1979
11,Detroit Lions,0.125,1979
13,Los Angeles Rams,0.563,1979
14,New Orleans Saints,0.5,1979
15,Atlanta Falcons,0.375,1979
16,San Francisco 49ers,0.125,1979
1,Buffalo Bills,0.688,1980
2,New England Patriots,0.625,1980
3,Miami Dolphins,0.5,1980
4,Baltimore Colts,0.438,1980
5,New York Jets,0.25,1980
7,Cleveland Browns,0.688,1980
8,Houston Oilers,0.688,1980
9,Pittsburgh Steelers,0.563,1980
10,Cincinnati Bengals,0.375,1980
12,San Diego Chargers,0.688,1980
13,Oakland Raiders,0.688,1980
14,Kansas City Chiefs,0.5,1980
15,Denver Broncos,0.5,1980
16,Seattle Seahawks,0.25,1980
1,Philadelphia Eagles,0.75,1980
2,Dallas Cowboys,0.75,1980
3,Washington Redskins,0.375,1980
4,St Louis Cardinals,0.313,1980
5,New York Giants,0.25,1980
7,Minnesota Vikings,0.563,1980
8,Detroit Lions,0.563,1980
9,Chicago Bears,0.438,1980
10,Tampa Bay Buccaneers,0.344,1980
11,Green Bay Packers,0.344,1980
13,Atlanta Falcons,0.75,1980
14,Los Angeles Rams,0.688,1980
15,San Francisco 49ers,0.375,1980
16,New Orleans Saints,0.063,1980
1,Miami Dolphins,0.719,1981
2,New York Jets,0.656,1981
3,Buffalo Bills,0.625,1981
4,Baltimore Colts,0.125,1981
5,New England Patriots,0.125,1981
7,Cincinnati Bengals,0.75,1981
8,Pittsburgh Steelers,0.5,1981
9,Houston Oilers,0.438,1981
10,Cleveland Browns,0.313,1981
12,San Diego Chargers,0.625,1981
13,Denver Broncos,0.625,1981
14,Kansas City Chiefs,0.563,1981
15,Oakland Raiders,0.438,1981
16,Seattle Seahawks,0.375,1981
1,Dallas Cowboys,0.75,1981
2,Philadelphia Eagles,0.625,1981
3,New York Giants,0.563,1981
4,Washington Redskins,0.5,1981
5,St Louis Cardinals,0.438,1981
7,Tampa Bay Buccaneers,0.563,1981
8,Detroit Lions,0.5,1981
9,Green Bay Packers,0.5,1981
10,Minnesota Vikings,0.438,1981
11,Chicago Bears,0.375,1981
13,San Francisco 49ers,0.813,1981
14,Atlanta Falcons,0.438,1981
15,Los Angeles Rams,0.375,1981
16,New Orleans Saints,0.25,1981
1,Miami Dolphins,0.778,1982
2,New York Jets,0.667,1982
3,New England Patriots,0.556,1982
4,Buffalo Bills,0.444,1982
5,Baltimore Colts,0.056,1982
7,Cincinnati Bengals,0.778,1982
8,Pittsburgh Steelers,0.667,1982
9,Cleveland Browns,0.444,1982
10,Houston Oilers,0.111,1982
12,Los Angeles Raiders,0.889,1982
13,San Diego Chargers,0.667,1982
14,Seattle Seahawks,0.444,1982
15,Kansas City Chiefs,0.333,1982
16,Denver Broncos,0.222,1982
1,Washington Redskins,0.889,1982
2,Dallas Cowboys,0.667,1982
3,St Louis Cardinals,0.556,1982
4,New York Giants,0.444,1982
5,Philadelphia Eagles,0.333,1982
7,Green Bay Packers,0.611,1982
8,Minnesota Vikings,0.556,1982
9,Tampa Bay Buccaneers,0.556,1982
10,Detroit Lions,0.444,1982
11,Chicago Bears,0.333,1982
13,Atlanta Falcons,0.556,1982
14,New Orleans Saints,0.444,1982
15,San Francisco 49ers,0.333,1982
16,Los Angeles Rams,0.222,1982
1,Miami Dolphins,0.75,1983
2,New England Patriots,0.5,1983
3,Buffalo Bills,0.5,1983
4,Baltimore Colts,0.438,1983
5,New York Jets,0.438,1983
7,Pittsburgh Steelers,0.625,1983
8,Cleveland Browns,0.563,1983
9,Cincinnati Bengals,0.438,1983
10,Houston Oilers,0.125,1983
12,Los Angeles Raiders,0.75,1983
13,Seattle Seahawks,0.563,1983
14,Denver Broncos,0.563,1983
15,San Diego Chargers,0.375,1983
16,Kansas City Chiefs,0.375,1983
1,Washington Redskins,0.875,1983
2,Dallas Cowboys,0.75,1983
3,St Louis Cardinals,0.531,1983
4,Philadelphia Eagles,0.313,1983
5,New York Giants,0.219,1983
7,Detroit Lions,0.563,1983
8,Green Bay Packers,0.5,1983
9,Chicago Bears,0.5,1983
10,Minnesota Vikings,0.5,1983
11,Tampa Bay Buccaneers,0.125,1983
13,San Francisco 49ers,0.625,1983
14,Los Angeles Rams,0.563,1983
15,New Orleans Saints,0.5,1983
16,Atlanta Falcons,0.438,1983
1,Miami Dolphins,0.875,1984
2,New England Patriots,0.563,1984
3,New York Jets,0.438,1984
4,Indianapolis Colts,0.25,1984
5,Buffalo Bills,0.125,1984
7,Pittsburgh Steelers,0.563,1984
8,Cincinnati Bengals,0.5,1984
9,Cleveland Browns,0.313,1984
10,Houston Oilers,0.188,1984
12,Denver Broncos,0.813,1984
13,Seattle Seahawks,0.75,1984
14,Los Angeles Raiders,0.688,1984
15,Kansas City Chiefs,0.5,1984
16,San Diego Chargers,0.438,1984
1,Washington Redskins,0.688,1984
2,New York Giants,0.563,1984
3,St Louis Cardinals,0.563,1984
4,Dallas Cowboys,0.563,1984
5,Philadelphia Eagles,0.406,1984
7,Chicago Bears,0.625,1984
8,Green Bay Packers,0.5,1984
9,Tampa Bay Buccaneers,0.375,1984
10,Detroit Lions,0.281,1984
11,Minnesota Vikings,0.188,1984
13,San Francisco 49ers,0.938,1984
14,Los Angeles Rams,0.625,1984
15,New Orleans Saints,0.438,1984
16,Atlanta Falcons,0.25,1984
1,Miami Dolphins,0.75,1985
2,New York Jets,0.688,1985
3,New England Patriots,0.688,1985
4,Indianapolis Colts,0.313,1985
5,Buffalo Bills,0.125,1985
7,Cleveland Browns,0.5,1985
8,Cincinnati Bengals,0.438,1985
9,Pittsburgh Steelers,0.438,1985
10,Houston Oilers,0.313,1985
12,Los Angeles Raiders,0.75,1985
13,Denver Broncos,0.688,1985
14,Seattle Seahawks,0.5,1985
15,San Diego Chargers,0.5,1985
16,Kansas City Chiefs,0.375,1985
1,Dallas Cowboys,0.625,1985
2,New York Giants,0.625,1985
3,Washington Redskins,0.625,1985
4,Philadelphia Eagles,0.438,1985
5,St Louis Cardinals,0.313,1985
7,Chicago Bears,0.938,1985
8,Green Bay Packers,0.5,1985
9,Minnesota Vikings,0.438,1985
10,Detroit Lions,0.438,1985
11,Tampa Bay Buccaneers,0.125,1985
13,Los Angeles Rams,0.688,1985
14,San Francisco 49ers,0.625,1985
15,New Orleans Saints,0.313,1985
16,Atlanta Falcons,0.25,1985
1,New England Patriots,0.688,1986
2,New York Jets,0.625,1986
3,Miami Dolphins,0.5,1986
4,Buffalo Bills,0.25,1986
5,Indianapolis Colts,0.188,1986
7,Cleveland Browns,0.75,1986
8,Cincinnati Bengals,0.625,1986
9,Pittsburgh Steelers,0.375,1986
10,Houston Oilers,0.313,1986
12,Denver Broncos,0.688,1986
13,Kansas City Chiefs,0.625,1986
14,Seattle Seahawks,0.625,1986
15,Los Angeles Raiders,0.5,1986
16,San Diego Chargers,0.25,1986
1,New York Giants,0.875,1986
2,Washington Redskins,0.75,1986
3,Dallas Cowboys,0.438,1986
4,Philadelphia Eagles,0.344,1986
5,St Louis Cardinals,0.281,1986
7,Chicago Bears,0.875,1986
8,Minnesota Vikings,0.563,1986
9,Detroit Lions,0.313,1986
10,Green Bay Packers,0.25,1986
11,Tampa Bay Buccaneers,0.125,1986
13,San Francisco 49ers,0.656,1986
14,Los Angeles Rams,0.625,1986
15,Atlanta Falcons,0.469,1986
16,New Orleans Saints,0.438,1986
1,Indianapolis Colts,0.6,1987
2,New England Patriots,0.533,1987
3,Miami Dolphins,0.533,1987
4,Buffalo Bills,0.467,1987
5,New York Jets,0.4,1987
7,Cleveland Browns,0.667,1987
8,Houston Oilers,0.6,1987
9,Pittsburgh Steelers,0.533,1987
10,Cincinnati Bengals,0.267,1987
12,Denver Broncos,0.7,1987
13,Seattle Seahawks,0.6,1987
14,San Diego Chargers,0.533,1987
15,Los Angeles Raiders,0.333,1987
16,Kansas City Chiefs,0.267,1987
1,Washington Redskins,0.733,1987
2,Dallas Cowboys,0.467,1987
3,St Louis Cardinals,0.467,1987
4,Philadelphia Eagles,0.467,1987
5,New York Giants,0.4,1987
7,Chicago Bears,0.733,1987
8,Minnesota Vikings,0.533,1987
9,Green Bay Packers,0.367,1987
10,Tampa Bay Buccaneers,0.267,1987
11,Detroit Lions,0.267,1987
13,San Francisco 49ers,0.867,1987
14,New Orleans Saints,0.8,1987
15,Los Angeles Rams,0.4,1987
16,Atlanta Falcons,0.2,1987
1,Buffalo Bills,0.75,1988
2,Indianapolis Colts,0.563,1988
3,New England Patriots,0.563,1988
4,New York Jets,0.531,1988
5,Miami Dolphins,0.375,1988
7,Cincinnati Bengals,0.75,1988
8,Cleveland Browns,0.625,1988
9,Houston Oilers,0.625,1988
10,Pittsburgh Steelers,0.313,1988
12,Seattle Seahawks,0.563,1988
13,Denver Broncos,0.5,1988
14,Los Angeles Raiders,0.438,1988
15,San Diego Chargers,0.375,1988
16,Kansas City Chiefs,0.281,1988
1,Philadelphia Eagles,0.625,1988
2,New York Giants,0.625,1988
3,Washington Redskins,0.438,1988
4,Phoenix Cardinals,0.438,1988
5,Dallas Cowboys,0.188,1988
7,Chicago Bears,0.75,1988
8,Minnesota Vikings,0.688,1988
9,Tampa Bay Buccaneers,0.313,1988
10,Detroit Lions,0.25,1988
11,Green Bay Packers,0.25,1988
13,San Francisco 49ers,0.625,1988
14,Los Angeles Rams,0.625,1988
15,New Orleans Saints,0.625,1988
16,Atlanta Falcons,0.313,1988
1,Buffalo Bills,0.563,1989
2,Indianapolis Colts,0.5,1989
3,Miami Dolphins,0.5,1989
4,New England Patriots,0.313,1989
5,New York Jets,0.25,1989
7,Cleveland Browns,0.594,1989
8,Houston Oilers,0.563,1989
9,Pittsburgh Steelers,0.563,1989
10,Cincinnati Bengals,0.5,1989
12,Denver Broncos,0.688,1989
13,Kansas City Chiefs,0.531,1989
14,Los Angeles Raiders,0.5,1989
15,Seattle Seahawks,0.438,1989
16,San Diego Chargers,0.375,1989
1,New York Giants,0.75,1989
2,Philadelphia Eagles,0.688,1989
3,Washington Redskins,0.625,1989
4,Phoenix Cardinals,0.313,1989
5,Dallas Cowboys,0.063,1989
7,Minnesota Vikings,0.625,1989
8,Green Bay Packers,0.625,1989
9,Detroit Lions,0.438,1989
10,Chicago Bears,0.375,1989
11,Tampa Bay Buccaneers,0.313,1989
13,San Francisco 49ers,0.875,1989
14,Los Angeles Rams,0.688,1989
15,New Orleans Saints,0.563,1989
16,Atlanta Falcons,0.188,1989
1,Buffalo Bills,0.813,1990
2,Miami Dolphins,0.75,1990
3,Indianapolis Colts,0.438,1990
4,New York Jets,0.375,1990
5,New England Patriots,0.063,1990
7,Cincinnati Bengals,0.563,1990
8,Houston Oilers,0.563,1990
9,Pittsburgh Steelers,0.563,1990
10,Cleveland Browns,0.188,1990
12,Los Angeles Raiders,0.75,1990
13,Kansas City Chiefs,0.688,1990
14,Seattle Seahawks,0.563,1990
15,San Diego Chargers,0.375,1990
16,Denver Broncos,0.313,1990
1,New York Giants,0.813,1990
2,Philadelphia Eagles,0.625,1990
3,Washington Redskins,0.625,1990
4,Dallas Cowboys,0.438,1990
5,Phoenix Cardinals,0.313,1990
7,Chicago Bears,0.688,1990
8,Tampa Bay Buccaneers,0.375,1990
9,Detroit Lions,0.375,1990
10,Green Bay Packers,0.375,1990
11,Minnesota Vikings,0.375,1990
13,San Francisco 49ers,0.875,1990
14,New Orleans Saints,0.5,1990
15,Los Angeles Rams,0.313,1990
16,Atlanta Falcons,0.313,1990
1,Buffalo Bills,0.813,1991
2,New York Jets,0.5,1991
3,Miami Dolphins,0.5,1991
4,New England Patriots,0.375,1991
5,Indianapolis Colts,0.063,1991
7,Houston Oilers,0.688,1991
8,Pittsburgh Steelers,0.438,1991
9,Cleveland Browns,0.375,1991
10,Cincinnati Bengals,0.188,1991
12,Denver Broncos,0.75,1991
13,Kansas City Chiefs,0.625,1991
14,Los Angeles Raiders,0.563,1991
15,Seattle Seahawks,0.438,1991
16,San Diego Chargers,0.25,1991
1,Washington Redskins,0.875,1991
2,Dallas Cowboys,0.688,1991
3,Philadelphia Eagles,0.625,1991
4,New York Giants,0.5,1991
5,Phoenix Cardinals,0.25,1991
7,Detroit Lions,0.75,1991
8,Chicago Bears,0.688,1991
9,Minnesota Vikings,0.5,1991
10,Green Bay Packers,0.25,1991
11,Tampa Bay Buccaneers,0.188,1991
13,New Orleans Saints,0.688,1991
14,Atlanta Falcons,0.625,1991
15,San Francisco 49ers,0.625,1991
16,Los Angeles Rams,0.188,1991
1,Miami Dolphins,0.688,1992
2,Buffalo Bills,0.688,1992
3,Indianapolis Colts,0.563,1992
4,New York Jets,0.25,1992
5,New England Patriots,0.125,1992
7,Pittsburgh Steelers,0.688,1992
8,Houston Oilers,0.625,1992
9,Cleveland Browns,0.438,1992
10,Cincinnati Bengals,0.313,1992
12,San Diego Chargers,0.688,1992
13,Kansas City Chiefs,0.625,1992
14,Denver Broncos,0.5,1992
15,Los Angeles Raiders,0.438,1992
16,Seattle Seahawks,0.125,1992
1,Dallas Cowboys,0.813,1992
2,Philadelphia Eagles,0.688,1992
3,Washington Redskins,0.563,1992
4,New York Giants,0.375,1992
5,Phoenix Cardinals,0.25,1992
7,Minnesota Vikings,0.688,1992
8,Green Bay Packers,0.563,1992
9,Tampa Bay Buccaneers,0.313,1992
10,Chicago Bears,0.313,1992
11,Detroit Lions,0.313,1992
13,San Francisco 49ers,0.875,1992
14,New Orleans Saints,0.75,1992
15,Atlanta Falcons,0.375,1992
16,Los Angeles Rams,0.375,1992
1,Buffalo Bills,0.75,1993
2,Miami Dolphins,0.563,1993
3,New York Jets,0.5,1993
4,New England Patriots,0.313,1993
5,Indianapolis Colts,0.25,1993
7,Houston Oilers,0.75,1993
8,Pittsburgh Steelers,0.563,1993
9,Cleveland Browns,0.438,1993
10,Cincinnati Bengals,0.188,1993
12,Kansas City Chiefs,0.688,1993
13,Los Angeles Raiders,0.625,1993
14,Denver Broncos,0.563,1993
15,San Diego Chargers,0.5,1993
16,Seattle Seahawks,0.375,1993
1,Dallas Cowboys,0.75,1993
2,New York Giants,0.688,1993
3,Philadelphia Eagles,0.5,1993
4,Phoenix Cardinals,0.438,1993
5,Washington Redskins,0.25,1993
7,Detroit Lions,0.625,1993
8,Minnesota Vikings,0.563,1993
9,Green Bay Packers,0.563,1993
10,Chicago Bears,0.438,1993
11,Tampa Bay Buccaneers,0.313,1993
13,San Francisco 49ers,0.625,1993
14,New Orleans Saints,0.5,1993
15,Atlanta Falcons,0.375,1993
16,Los Angeles Rams,0.313,1993
1,Miami Dolphins,0.625,1994
2,New England Patriots,0.625,1994
3,Indianapolis Colts,0.5,1994
4,Buffalo Bills,0.438,1994
5,New York Jets,0.375,1994
7,Pittsburgh Steelers,0.75,1994
8,Cleveland Browns,0.688,1994
9,Cincinnati Bengals,0.188,1994
10,Houston Oilers,0.125,1994
12,San Diego Chargers,0.688,1994
13,Kansas City Chiefs,0.563,1994
14,Los Angeles Raiders,0.563,1994
15,Denver Broncos,0.438,1994
16,Seattle Seahawks,0.375,1994
1,Dallas Cowboys,0.75,1994
2,New York Giants,0.563,1994
3,Arizona Cardinals,0.5,1994
4,Philadelphia Eagles,0.438,1994
5,Washington Redskins,0.188,1994
7,Minnesota Vikings,0.625,1994
8,Green Bay Packers,0.563,1994
9,Detroit Lions,0.563,1994
10,Chicago Bears,0.563,1994
11,Tampa Bay Buccaneers,0.375,1994
13,San Francisco 49ers,0.813,1994
14,New Orleans Saints,0.438,1994
15,Atlanta Falcons,0.438,1994
16,Los Angeles Rams,0.25,1994
1,Buffalo Bills,0.625,1995
2,Indianapolis Colts,0.563,1995
3,Miami Dolphins,0.563,1995
4,New England Patriots,0.375,1995
5,New York Jets,0.188,1995
7,Pittsburgh Steelers,0.688,1995
8,Houston Oilers,0.438,1995
9,Cincinnati Bengals,0.438,1995
10,Cleveland Browns,0.313,1995
11,Jacksonville Jaguars,0.25,1995
13,Kansas City Chiefs,0.813,1995
14,San Diego Chargers,0.563,1995
15,Seattle Seahawks,0.5,1995
16,Denver Broncos,0.5,1995
17,Oakland Raiders,0.5,1995
1,Dallas Cowboys,0.75,1995
2,Philadelphia Eagles,0.625,1995
3,Washington Redskins,0.375,1995
4,New York Giants,0.313,1995
5,Arizona Cardinals,0.25,1995
7,Green Bay Packers,0.688,1995
8,Detroit Lions,0.625,1995
9,Chicago Bears,0.563,1995
10,Minnesota Vikings,0.5,1995
11,Tampa Bay Buccaneers,0.438,1995
13,San Francisco 49ers,0.688,1995
14,Atlanta Falcons,0.563,1995
15,St Louis Rams,0.438,1995
16,Carolina Panthers,0.438,1995
17,New Orleans Saints,0.438,1995
1,New England Patriots,0.688,1996
2,Buffalo Bills,0.625,1996
3,Indianapolis Colts,0.563,1996
4,Miami Dolphins,0.5,1996
5,New York Jets,0.063,1996
7,Pittsburgh Steelers,0.625,1996
8,Jacksonville Jaguars,0.563,1996
9,Cincinnati Bengals,0.5,1996
10,Houston Oilers,0.5,1996
11,Baltimore Ravens,0.25,1996
13,Denver Broncos,0.813,1996
14,Kansas City Chiefs,0.563,1996
15,San Diego Chargers,0.5,1996
16,Oakland Raiders,0.438,1996
17,Seattle Seahawks,0.438,1996
1,Dallas Cowboys,0.625,1996
2,Philadelphia Eagles,0.625,1996
3,Washington Redskins,0.563,1996
4,Arizona Cardinals,0.438,1996
5,New York Giants,0.375,1996
7,Green Bay Packers,0.813,1996
8,Minnesota Vikings,0.563,1996
9,Chicago Bears,0.438,1996
10,Tampa Bay Buccaneers,0.375,1996
11,Detroit Lions,0.313,1996
13,Carolina Panthers,0.75,1996
14,San Francisco 49ers,0.75,1996
15,St Louis Rams,0.375,1996
16,Atlanta Falcons,0.188,1996
17,New Orleans Saints,0.188,1996
1,New England Patriots,0.625,1997
2,Miami Dolphins,0.563,1997
3,New York Jets,0.563,1997
4,Buffalo Bills,0.375,1997
5,Indianapolis Colts,0.188,1997
7,Pittsburgh Steelers,0.688,1997
8,Jacksonville Jaguars,0.688,1997
9,Tennessee Oilers,0.5,1997
10,Cincinnati Bengals,0.438,1997
11,Baltimore Ravens,0.406,1997
13,Kansas City Chiefs,0.813,1997
14,Denver Broncos,0.75,1997
15,Seattle Seahawks,0.5,1997
16,Oakland Raiders,0.25,1997
17,San Diego Chargers,0.25,1997
1,New York Giants,0.656,1997
2,Washington Redskins,0.531,1997
3,Philadelphia Eagles,0.406,1997
4,Dallas Cowboys,0.375,1997
5,Arizona Cardinals,0.25,1997
7,Green Bay Packers,0.813,1997
8,Tampa Bay Buccaneers,0.625,1997
9,Detroit Lions,0.563,1997
10,Minnesota Vikings,0.563,1997
11,Chicago Bears,0.25,1997
13,San Francisco 49ers,0.813,1997
14,Carolina Panthers,0.438,1997
15,Atlanta Falcons,0.438,1997
16,New Orleans Saints,0.375,1997
17,St Louis Rams,0.313,1997
1,New York Jets,0.75,1998
2,Miami Dolphins,0.625,1998
3,Buffalo Bills,0.625,1998
4,New England Patriots,0.563,1998
5,Indianapolis Colts,0.188,1998
7,Jacksonville Jaguars,0.688,1998
8,Tennessee Oilers,0.5,1998
9,Pittsburgh Steelers,0.438,1998
10,Baltimore Ravens,0.375,1998
11,Cincinnati Bengals,0.188,1998
13,Denver Broncos,0.875,1998
14,Oakland Raiders,0.5,1998
15,Seattle Seahawks,0.5,1998
16,Kansas City Chiefs,0.438,1998
17,San Diego Chargers,0.313,1998
1,Dallas Cowboys,0.625,1998
2,Arizona Cardinals,0.563,1998
3,New York Giants,0.5,1998
4,Washington Redskins,0.375,1998
5,Philadelphia Eagles,0.188,1998
7,Minnesota Vikings,0.938,1998
8,Green Bay Packers,0.688,1998
9,Tampa Bay Buccaneers,0.5,1998
10,Detroit Lions,0.313,1998
11,Chicago Bears,0.25,1998
13,Atlanta Falcons,0.875,1998
14,San Francisco 49ers,0.75,1998
15,New Orleans Saints,0.375,1998
16,Carolina Panthers,0.25,1998
17,St Louis Rams,0.25,1998
1,Indianapolis Colts,0.813,1999
2,Buffalo Bills,0.688,1999
3,Miami Dolphins,0.563,1999
4,New York Jets,0.5,1999
5,New England Patriots,0.5,1999
7,Jacksonville Jaguars,0.875,1999
8,Tennessee Titans,0.813,1999
9,Baltimore Ravens,0.5,1999
10,Pittsburgh Steelers,0.375,1999
11,Cincinnati Bengals,0.25,1999
12,Cleveland Browns,0.125,1999
14,Seattle Seahawks,0.563,1999
15,Kansas City Chiefs,0.563,1999
16,San Diego Chargers,0.5,1999
17,Oakland Raiders,0.5,1999
18,Denver Broncos,0.375,1999
1,Washington Redskins,0.625,1999
2,Dallas Cowboys,0.5,1999
3,New York Giants,0.438,1999
4,Arizona Cardinals,0.375,1999
5,Philadelphia Eagles,0.313,1999
7,Tampa Bay Buccaneers,0.688,1999
8,Minnesota Vikings,0.625,1999
9,Detroit Lions,0.5,1999
10,Green Bay Packers,0.5,1999
11,Chicago Bears,0.375,1999
13,St Louis Rams,0.813,1999
14,Carolina Panthers,0.5,1999
15,Atlanta Falcons,0.313,1999
16,San Francisco 49ers,0.25,1999
17,New Orleans Saints,0.188,1999
1,Miami Dolphins,0.688,2000
2,Indianapolis Colts,0.625,2000
3,New York Jets,0.563,2000
4,Buffalo Bills,0.5,2000
5,New England Patriots,0.313,2000
7,Tennessee Titans,0.813,2000
8,Baltimore Ravens,0.75,2000
9,Pittsburgh Steelers,0.563,2000
10,Jacksonville Jaguars,0.438,2000
11,Cincinnati Bengals,0.25,2000
12,Cleveland Browns,0.188,2000
14,Oakland Raiders,0.75,2000
15,Denver Broncos,0.688,2000
16,Kansas City Chiefs,0.438,2000
17,Seattle Seahawks,0.375,2000
18,San Diego Chargers,0.063,2000
1,New York Giants,0.75,2000
2,Philadelphia Eagles,0.688,2000
3,Washington Redskins,0.5,2000
4,Dallas Cowboys,0.313,2000
5,Arizona Cardinals,0.188,2000
7,Minnesota Vikings,0.688,2000
8,Tampa Bay Buccaneers,0.625,2000
9,Green Bay Packers,0.563,2000
10,Detroit Lions,0.563,2000
11,Chicago Bears,0.313,2000
13,New Orleans Saints,0.625,2000
14,St Louis Rams,0.625,2000
15,Carolina Panthers,0.438,2000
16,San Francisco 49ers,0.375,2000
17,Atlanta Falcons,0.25,2000
1,New England Patriots,0.688,2001
2,Miami Dolphins,0.688,2001
3,New York Jets,0.625,2001
4,Indianapolis Colts,0.375,2001
5,Buffalo Bills,0.188,2001
7,Pittsburgh Steelers,0.813,2001
8,Baltimore Ravens,0.625,2001
9,Cleveland Browns,0.438,2001
10,Tennessee Titans,0.438,2001
11,Jacksonville Jaguars,0.375,2001
12,Cincinnati Bengals,0.375,2001
14,Oakland Raiders,0.625,2001
15,Seattle Seahawks,0.563,2001
16,Denver Broncos,0.5,2001
17,Kansas City Chiefs,0.375,2001
18,San Diego Chargers,0.313,2001
1,Philadelphia Eagles,0.688,2001
2,Washington Redskins,0.5,2001
3,New York Giants,0.438,2001
4,Arizona Cardinals,0.438,2001
5,Dallas Cowboys,0.313,2001
7,Chicago Bears,0.813,2001
8,Green Bay Packers,0.75,2001
9,Tampa Bay Buccaneers,0.563,2001
10,Minnesota Vikings,0.313,2001
11,Detroit Lions,0.125,2001
13,St Louis Rams,0.875,2001
14,San Francisco 49ers,0.75,2001
15,New Orleans Saints,0.438,2001
16,Atlanta Falcons,0.438,2001
17,Carolina Panthers,0.063,2001
1,New York Jets,0.563,2002
2,New England Patriots,0.563,2002
3,Miami Dolphins,0.563,2002
4,Buffalo Bills,0.5,2002
6,Pittsburgh Steelers,0.656,2002
7,Cleveland Browns,0.563,2002
8,Baltimore Ravens,0.438,2002
9,Cincinnati Bengals,0.125,2002
11,Tennessee Titans,0.688,2002
12,Indianapolis Colts,0.625,2002
13,Jacksonville Jaguars,0.375,2002
14,Houston Texans,0.25,2002
16,Oakland Raiders,0.688,2002
17,Denver Broncos,0.563,2002
18,San Diego Chargers,0.5,2002
19,Kansas City Chiefs,0.5,2002
1,Philadelphia Eagles,0.75,2002
2,New York Giants,0.625,2002
3,Washington Redskins,0.438,2002
4,Dallas Cowboys,0.313,2002
6,Green Bay Packers,0.75,2002
7,Minnesota Vikings,0.375,2002
8,Chicago Bears,0.25,2002
9,Detroit Lions,0.188,2002
11,Tampa Bay Buccaneers,0.75,2002
12,Atlanta Falcons,0.594,2002
13,New Orleans Saints,0.563,2002
14,Carolina Panthers,0.438,2002
16,San Francisco 49ers,0.625,2002
17,St Louis Rams,0.438,2002
18,Seattle Seahawks,0.438,2002
19,Arizona Cardinals,0.313,2002
1,New England Patriots,0.875,2003
2,Miami Dolphins,0.625,2003
3,Buffalo Bills,0.375,2003
4,New York Jets,0.375,2003
6,Baltimore Ravens,0.625,2003
7,Cincinnati Bengals,0.5,2003
8,Pittsburgh Steelers,0.375,2003
9,Cleveland Browns,0.313,2003
11,Indianapolis Colts,0.75,2003
12,Tennessee Titans,0.75,2003
13,Jacksonville Jaguars,0.313,2003
14,Houston Texans,0.313,2003
16,Kansas City Chiefs,0.813,2003
17,Denver Broncos,0.625,2003
18,Oakland Raiders,0.25,2003
19,San Diego Chargers,0.25,2003
1,Philadelphia Eagles,0.75,2003
2,Dallas Cowboys,0.625,2003
3,Washington Redskins,0.313,2003
4,New York Giants,0.25,2003
6,Green Bay Packers,0.625,2003
7,Minnesota Vikings,0.563,2003
8,Chicago Bears,0.438,2003
9,Detroit Lions,0.313,2003
11,Carolina Panthers,0.688,2003
12,New Orleans Saints,0.5,2003
13,Tampa Bay Buccaneers,0.438,2003
14,Atlanta Falcons,0.313,2003
16,St Louis Rams,0.75,2003
17,Seattle Seahawks,0.625,2003
18,San Francisco 49ers,0.438,2003
19,Arizona Cardinals,0.25,2003
1,New England Patriots,0.875,2004
2,New York Jets,0.625,2004
3,Buffalo Bills,0.563,2004
4,Miami Dolphins,0.25,2004
6,Pittsburgh Steelers,0.938,2004
7,Baltimore Ravens,0.563,2004
8,Cincinnati Bengals,0.5,2004
9,Cleveland Browns,0.25,2004
11,Indianapolis Colts,0.75,2004
12,Jacksonville Jaguars,0.563,2004
13,Houston Texans,0.438,2004
14,Tennessee Titans,0.313,2004
16,San Diego Chargers,0.75,2004
17,Denver Broncos,0.625,2004
18,Kansas City Chiefs,0.438,2004
19,Oakland Raiders,0.313,2004
1,Philadelphia Eagles,0.813,2004
2,New York Giants,0.375,2004
3,Dallas Cowboys,0.375,2004
4,Washington Redskins,0.375,2004
6,Green Bay Packers,0.625,2004
7,Minnesota Vikings,0.5,2004
8,Detroit Lions,0.375,2004
9,Chicago Bears,0.313,2004
11,Atlanta Falcons,0.688,2004
12,New Orleans Saints,0.5,2004
13,Carolina Panthers,0.438,2004
14,Tampa Bay Buccaneers,0.313,2004
16,Seattle Seahawks,0.563,2004
17,St Louis Rams,0.5,2004
18,Arizona Cardinals,0.375,2004
19,San Francisco 49ers,0.125,2004
1,New England Patriots,0.625,2005
2,Miami Dolphins,0.563,2005
3,Buffalo Bills,0.313,2005
4,New York Jets,0.25,2005
6,Cincinnati Bengals,0.688,2005
7,Pittsburgh Steelers,0.688,2005
8,Baltimore Ravens,0.375,2005
9,Cleveland Browns,0.375,2005
11,Indianapolis Colts,0.875,2005
12,Jacksonville Jaguars,0.75,2005
13,Tennessee Titans,0.25,2005
14,Houston Texans,0.125,2005
16,Denver Broncos,0.813,2005
17,Kansas City Chiefs,0.625,2005
18,San Diego Chargers,0.563,2005
19,Oakland Raiders,0.25,2005
1,New York Giants,0.688,2005
2,Washington Redskins,0.625,2005
3,Dallas Cowboys,0.563,2005
4,Philadelphia Eagles,0.375,2005
6,Chicago Bears,0.688,2005
7,Minnesota Vikings,0.563,2005
8,Detroit Lions,0.313,2005
9,Green Bay Packers,0.25,2005
11,Tampa Bay Buccaneers,0.688,2005
12,Carolina Panthers,0.688,2005
13,Atlanta Falcons,0.5,2005
14,New Orleans Saints,0.188,2005
16,Seattle Seahawks,0.813,2005
17,St Louis Rams,0.375,2005
18,Arizona Cardinals,0.313,2005
19,San Francisco 49ers,0.25,2005
1,New England Patriots,0.75,2006
2,New York Jets,0.625,2006
3,Buffalo Bills,0.438,2006
4,Miami Dolphins,0.375,2006
6,Baltimore Ravens,0.813,2006
7,Cincinnati Bengals,0.5,2006
8,Pittsburgh Steelers,0.5,2006
9,Cleveland Browns,0.25,2006
11,Indianapolis Colts,0.75,2006
12,Tennessee Titans,0.5,2006
13,Jacksonville Jaguars,0.5,2006
14,Houston Texans,0.375,2006
16,San Diego Chargers,0.875,2006
17,Kansas City Chiefs,0.563,2006
18,Denver Broncos,0.563,2006
19,Oakland Raiders,0.125,2006
1,Philadelphia Eagles,0.625,2006
2,Dallas Cowboys,0.563,2006
3,New York Giants,0.5,2006
4,Washington Redskins,0.313,2006
6,Chicago Bears,0.813,2006
7,Green Bay Packers,0.5,2006
8,Minnesota Vikings,0.375,2006
9,Detroit Lions,0.188,2006
11,New Orleans Saints,0.625,2006
12,Carolina Panthers,0.5,2006
13,Atlanta Falcons,0.438,2006
14,Tampa Bay Buccaneers,0.25,2006
16,Seattle Seahawks,0.563,2006
17,St Louis Rams,0.5,2006
18,San Francisco 49ers,0.438,2006
19,Arizona Cardinals,0.313,2006
1,New England Patriots,1.0,2007
2,Buffalo Bills,0.438,2007
3,New York Jets,0.25,2007
4,Miami Dolphins,0.063,2007
6,Pittsburgh Steelers,0.625,2007
7,Cleveland Browns,0.625,2007
8,Cincinnati Bengals,0.438,2007
9,Baltimore Ravens,0.313,2007
11,Indianapolis Colts,0.813,2007
12,Jacksonville Jaguars,0.688,2007
13,Tennessee Titans,0.625,2007
14,Houston Texans,0.5,2007
16,San Diego Chargers,0.688,2007
17,Denver Broncos,0.438,2007
18,Kansas City Chiefs,0.25,2007
19,Oakland Raiders,0.25,2007
1,Dallas Cowboys,0.813,2007
2,New York Giants,0.625,2007
3,Washington Redskins,0.563,2007
4,Philadelphia Eagles,0.5,2007
6,Green Bay Packers,0.813,2007
7,Minnesota Vikings,0.5,2007
8,Detroit Lions,0.438,2007
9,Chicago Bears,0.438,2007
11,Tampa Bay Buccaneers,0.563,2007
12,Carolina Panthers,0.438,2007
13,New Orleans Saints,0.438,2007
14,Atlanta Falcons,0.25,2007
16,Seattle Seahawks,0.625,2007
17,Arizona Cardinals,0.5,2007
18,San Francisco 49ers,0.313,2007
19,St Louis Rams,0.188,2007
1,Miami Dolphins,0.688,2008
2,New England Patriots,0.688,2008
3,New York Jets,0.563,2008
4,Buffalo Bills,0.438,2008
6,Pittsburgh Steelers,0.75,2008
7,Baltimore Ravens,0.688,2008
8,Cincinnati Bengals,0.281,2008
9,Cleveland Browns,0.25,2008
11,Tennessee Titans,0.813,2008
12,Indianapolis Colts,0.75,2008
13,Houston Texans,0.5,2008
14,Jacksonville Jaguars,0.313,2008
16,San Diego Chargers,0.5,2008
17,Denver Broncos,0.5,2008
18,Oakland Raiders,0.313,2008
19,Kansas City Chiefs,0.125,2008
1,New York Giants,0.75,2008
2,Philadelphia Eagles,0.594,2008
3,Dallas Cowboys,0.563,2008
4,Washington Redskins,0.5,2008
6,Minnesota Vikings,0.625,2008
7,Chicago Bears,0.563,2008
8,Green Bay Packers,0.375,2008
9,Detroit Lions,0.0,2008
11,Carolina Panthers,0.75,2008
12,Atlanta Falcons,0.688,2008
13,Tampa Bay Buccaneers,0.563,2008
14,New Orleans Saints,0.5,2008
16,Arizona Cardinals,0.563,2008
17,San Francisco 49ers,0.438,2008
18,Seattle Seahawks,0.25,2008
19,St Louis Rams,0.125,2008
1,New England Patriots,0.625,2009
2,New York Jets,0.563,2009
3,Miami Dolphins,0.438,2009
4,Buffalo Bills,0.375,2009
6,Cincinnati Bengals,0.625,2009
7,Baltimore Ravens,0.563,2009
8,Pittsburgh Steelers,0.563,2009
9,Cleveland Browns,0.313,2009
11,Indianapolis Colts,0.875,2009
12,Houston Texans,0.563,2009
13,Tennessee Titans,0.5,2009
14,Jacksonville Jaguars,0.438,2009
16,San Diego Chargers,0.813,2009
17,Denver Broncos,0.5,2009
18,Oakland Raiders,0.313,2009
19,Kansas City Chiefs,0.25,2009
1,Dallas Cowboys,0.688,2009
2,Philadelphia Eagles,0.688,2009
3,New York Giants,0.5,2009
4,Washington Redskins,0.25,2009
6,Minnesota Vikings,0.75,2009
7,Green Bay Packers,0.688,2009
8,Chicago Bears,0.438,2009
9,Detroit Lions,0.125,2009
11,New Orleans Saints,0.813,2009
12,Atlanta Falcons,0.563,2009
13,Carolina Panthers,0.5,2009
14,Tampa Bay Buccaneers,0.188,2009
16,Arizona Cardinals,0.625,2009
17,San Francisco 49ers,0.5,2009
18,Seattle Seahawks,0.313,2009
19,St Louis Rams,0.063,2009
1,New England Patriots,0.875,2010
2,New York Jets,0.688,2010
3,Miami Dolphins,0.438,2010
4,Buffalo Bills,0.25,2010
6,Pittsburgh Steelers,0.75,2010
7,Baltimore Ravens,0.75,2010
8,Cleveland Browns,0.313,2010
9,Cincinnati Bengals,0.25,2010
11,Indianapolis Colts,0.625,2010
12,Jacksonville Jaguars,0.5,2010
13,Houston Texans,0.375,2010
14,Tennessee Titans,0.375,2010
16,Kansas City Chiefs,0.625,2010
17,San Diego Chargers,0.563,2010
18,Oakland Raiders,0.5,2010
19,Denver Broncos,0.25,2010
1,Philadelphia Eagles,0.625,2010
2,New York Giants,0.625,2010
3,Dallas Cowboys,0.375,2010
4,Washington Redskins,0.375,2010
6,Chicago Bears,0.688,2010
7,Green Bay Packers,0.625,2010
8,Detroit Lions,0.375,2010
9,Minnesota Vikings,0.375,2010
11,Atlanta Falcons,0.813,2010
12,New Orleans Saints,0.688,2010
13,Tampa Bay Buccaneers,0.625,2010
14,Carolina Panthers,0.125,2010
16,Seattle Seahawks,0.438,2010
17,St Louis Rams,0.438,2010
18,San Francisco 49ers,0.375,2010
19,Arizona Cardinals,0.313,2010
1,New England Patriots,0.813,2011
2,New York Jets,0.5,2011
3,Miami Dolphins,0.375,2011
4,Buffalo Bills,0.375,2011
6,Baltimore Ravens,0.75,2011
7,Pittsburgh Steelers,0.75,2011
8,Cincinnati Bengals,0.563,2011
9,Cleveland Browns,0.25,2011
11,Houston Texans,0.625,2011
12,Tennessee Titans,0.563,2011
13,Jacksonville Jaguars,0.313,2011
14,Indianapolis Colts,0.125,2011
16,Denver Broncos,0.5,2011
17,San Diego Chargers,0.5,2011
18,Oakland Raiders,0.5,2011
19,Kansas City Chiefs,0.438,2011
1,New York Giants,0.563,2011
2,Philadelphia Eagles,0.5,2011
3,Dallas Cowboys,0.5,2011
4,Washington Redskins,0.313,2011
6,Green Bay Packers,0.938,2011
7,Detroit Lions,0.625,2011
8,Chicago Bears,0.5,2011
9,Minnesota Vikings,0.188,2011
11,New Orleans Saints,0.813,2011
12,Atlanta Falcons,0.625,2011
13,Carolina Panthers,0.375,2011
14,Tampa Bay Buccaneers,0.25,2011
16,San Francisco 49ers,0.813,2011
17,Arizona Cardinals,0.5,2011
18,Seattle Seahawks,0.438,2011
19,St Louis Rams,0.125,2011
1,New England Patriots,0.75,2012
2,Miami Dolphins,0.438,2012
3,New York Jets,0.375,2012
4,Buffalo Bills,0.375,2012
6,Baltimore Ravens,0.625,2012
7,Cincinnati Bengals,0.625,2012
8,Pittsburgh Steelers,0.5,2012
9,Cleveland Browns,0.313,2012
11,Houston Texans,0.75,2012
12,Indianapolis Colts,0.688,2012
13,Tennessee Titans,0.375,2012
14,Jacksonville Jaguars,0.125,2012
16,Denver Broncos,0.813,2012
17,San Diego Chargers,0.438,2012
18,Oakland Raiders,0.25,2012
19,Kansas City Chiefs,0.125,2012
1,Washington Redskins,0.625,2012
2,New York Giants,0.563,2012
3,Dallas Cowboys,0.5,2012
4,Philadelphia Eagles,0.25,2012
6,Green Bay Packers,0.688,2012
7,Minnesota Vikings,0.625,2012
8,Chicago Bears,0.625,2012
9,Detroit Lions,0.25,2012
11,Atlanta Falcons,0.813,2012
12,Carolina Panthers,0.438,2012
13,New Orleans Saints,0.438,2012
14,Tampa Bay Buccaneers,0.438,2012
16,San Francisco 49ers,0.719,2012
17,Seattle Seahawks,0.688,2012
18,St Louis Rams,0.469,2012
19,Arizona Cardinals,0.313,2012
1,New England Patriots,0.75,2013
2,New York Jets,0.5,2013
3,Miami Dolphins,0.5,2013
4,Buffalo Bills,0.375,2013
6,Cincinnati Bengals,0.688,2013
7,Pittsburgh Steelers,0.5,2013
8,Baltimore Ravens,0.5,2013
9,Cleveland Browns,0.25,2013
11,Indianapolis Colts,0.688,2013
12,Tennessee Titans,0.438,2013
13,Jacksonville Jaguars,0.25,2013
14,Houston Texans,0.125,2013
16,Denver Broncos,0.813,2013
17,Kansas City Chiefs,0.688,2013
18,San Diego Chargers,0.563,2013
19,Oakland Raiders,0.25,2013
1,Philadelphia Eagles,0.625,2013
2,Dallas Cowboys,0.5,2013
3,New York Giants,0.438,2013
4,Washington Redskins,0.188,2013
6,Green Bay Packers,0.531,2013
7,Chicago Bears,0.5,2013
8,Detroit Lions,0.438,2013
9,Minnesota Vikings,0.344,2013
11,Carolina Panthers,0.75,2013
12,New Orleans Saints,0.688,2013
13,Atlanta Falcons,0.25,2013
14,Tampa Bay Buccaneers,0.25,2013
16,Seattle Seahawks,0.813,2013
17,San Francisco 49ers,0.75,2013
18,Arizona Cardinals,0.625,2013
19,St Louis Rams,0.438,2013
1,New England Patriots,0.75,2014
2,Buffalo Bills,0.563,2014
3,Miami Dolphins,0.5,2014
4,New York Jets,0.25,2014
6,Pittsburgh Steelers,0.688,2014
7,Cincinnati Bengals,0.656,2014
8,Baltimore Ravens,0.625,2014
9,Cleveland Browns,0.438,2014
11,Indianapolis Colts,0.688,2014
12,Houston Texans,0.563,2014
13,Jacksonville Jaguars,0.188,2014
14,Tennessee Titans,0.125,2014
16,Denver Broncos,0.75,2014
17,San Diego Chargers,0.563,2014
18,Kansas City Chiefs,0.563,2014
19,Oakland Raiders,0.188,2014
1,Dallas Cowboys,0.75,2014
2,Philadelphia Eagles,0.625,2014
3,New York Giants,0.375,2014
4,Washington Redskins,0.25,2014
6,Green Bay Packers,0.75,2014
7,Detroit Lions,0.688,2014
8,Minnesota Vikings,0.438,2014
9,Chicago Bears,0.313,2014
11,Carolina Panthers,0.469,2014
12,New Orleans Saints,0.438,2014
13,Atlanta Falcons,0.375,2014
14,Tampa Bay Buccaneers,0.125,2014
16,Seattle Seahawks,0.75,2014
17,Arizona Cardinals,0.688,2014
18,San Francisco 49ers,0.5,2014
19,St Louis Rams,0.375,2014
1,New England Patriots,0.75,2015
2,New York Jets,0.625,2015
3,Buffalo Bills,0.5,2015
4,Miami Dolphins,0.375,2015
6,Cincinnati Bengals,0.75,2015
7,Pittsburgh Steelers,0.625,2015
8,Baltimore Ravens,0.313,2015
9,Cleveland Browns,0.188,2015
11,Houston Texans,0.563,2015
12,Indianapolis Colts,0.5,2015
13,Jacksonville Jaguars,0.313,2015
14,Tennessee Titans,0.188,2015
16,Denver Broncos,0.75,2015
17,Kansas City Chiefs,0.688,2015
18,Oakland Raiders,0.438,2015
19,San Diego Chargers,0.25,2015
1,Washington Redskins,0.563,2015
2,Philadelphia Eagles,0.438,2015
3,New York Giants,0.375,2015
4,Dallas Cowboys,0.25,2015
6,Minnesota Vikings,0.688,2015
7,Green Bay Packers,0.625,2015
8,Detroit Lions,0.438,2015
9,Chicago Bears,0.375,2015
11,Carolina Panthers,0.938,2015
12,Atlanta Falcons,0.5,2015
13,New Orleans Saints,0.438,2015
14,Tampa Bay Buccaneers,0.375,2015
16,Arizona Cardinals,0.813,2015
17,Seattle Seahawks,0.625,2015
18,St Louis Rams,0.438,2015
19,San Francisco 49ers,0.313,2015
1,New England Patriots,0.875,2016
2,Miami Dolphins,0.625,2016
3,Buffalo Bills,0.438,2016
4,New York Jets,0.313,2016
6,Pittsburgh Steelers,0.688,2016
7,Baltimore Ravens,0.5,2016
8,Cincinnati Bengals,0.406,2016
9,Cleveland Browns,0.063,2016
11,Houston Texans,0.563,2016
12,Tennessee Titans,0.563,2016
13,Indianapolis Colts,0.5,2016
14,Jacksonville Jaguars,0.188,2016
16,Kansas City Chiefs,0.75,2016
17,Oakland Raiders,0.75,2016
18,Denver Broncos,0.563,2016
19,San Diego Chargers,0.313,2016
1,Dallas Cowboys,0.813,2016
2,New York Giants,0.688,2016
3,Washington Redskins,0.531,2016
4,Philadelphia Eagles,0.438,2016
6,Green Bay Packers,0.625,2016
7,Detroit Lions,0.563,2016
8,Minnesota Vikings,0.5,2016
9,Chicago Bears,0.188,2016
11,Atlanta Falcons,0.688,2016
12,Tampa Bay Buccaneers,0.563,2016
13,New Orleans Saints,0.438,2016
14,Carolina Panthers,0.375,2016
16,Seattle Seahawks,0.656,2016
17,Arizona Cardinals,0.469,2016
18,Los Angeles Rams,0.25,2016
19,San Francisco 49ers,0.125,2016
1,New England Patriots,0.813,2017
2,Buffalo Bills,0.563,2017
3,Miami Dolphins,0.375,2017
4,New York Jets,0.313,2017
6,Pittsburgh Steelers,0.813,2017
7,Baltimore Ravens,0.563,2017
8,Cincinnati Bengals,0.438,2017
9,Cleveland Browns,0.0,2017
11,Jacksonville Jaguars,0.625,2017
12,Tennessee Titans,0.563,2017
13,Indianapolis Colts,0.25,2017
14,Houston Texans,0.25,2017
16,Kansas City Chiefs,0.625,2017
17,Los Angeles Chargers,0.563,2017
18,Oakland Raiders,0.375,2017
19,Denver Broncos,0.313,2017
1,Philadelphia Eagles,0.813,2017
2,Dallas Cowboys,0.563,2017
3,Washington Redskins,0.438,2017
4,New York Giants,0.188,2017
6,Minnesota Vikings,0.813,2017
7,Detroit Lions,0.563,2017
8,Green Bay Packers,0.438,2017
9,Chicago Bears,0.313,2017
11,New Orleans Saints,0.688,2017
12,Carolina Panthers,0.688,2017
13,Atlanta Falcons,0.625,2017
14,Tampa Bay Buccaneers,0.313,2017
16,Los Angeles Rams,0.688,2017
17,Seattle Seahawks,0.563,2017
18,Arizona Cardinals,0.5,2017
19,San Francisco 49ers,0.375,2017
1,New England Patriots,0.688,2018
2,Miami Dolphins,0.438,2018
3,Buffalo Bills,0.375,2018
4,New York Jets,0.25,2018
6,Baltimore Ravens,0.625,2018
7,Pittsburgh Steelers,0.594,2018
8,Cleveland Browns,0.469,2018
9,Cincinnati Bengals,0.375,2018
11,Houston Texans,0.688,2018
12,Indianapolis Colts,0.625,2018
13,Tennessee Titans,0.563,2018
14,Jacksonville Jaguars,0.313,2018
16,Kansas City Chiefs,0.75,2018
17,Los Angeles Chargers,0.75,2018
18,Denver Broncos,0.375,2018
19,Oakland Raiders,0.25,2018
1,Dallas Cowboys,0.625,2018
2,Philadelphia Eagles,0.563,2018
3,Washington Redskins,0.438,2018
4,New York Giants,0.313,2018
6,Chicago Bears,0.75,2018
7,Minnesota Vikings,0.531,2018
8,Green Bay Packers,0.406,2018
9,Detroit Lions,0.375,2018
11,New Orleans Saints,0.813,2018
12,Atlanta Falcons,0.438,2018
13,Carolina Panthers,0.438,2018
14,Tampa Bay Buccaneers,0.313,2018
16,Los Angeles Rams,0.813,2018
17,Seattle Seahawks,0.625,2018
18,San Francisco 49ers,0.25,2018
19,Arizona Cardinals,0.188,2018
1,New England Patriots,0.75,2019
2,Buffalo Bills,0.625,2019
3,New York Jets,0.438,2019
4,Miami Dolphins,0.313,2019
6,Baltimore Ravens,0.875,2019
7,Pittsburgh Steelers,0.5,2019
8,Cleveland Browns,0.375,2019
9,Cincinnati Bengals,0.125,2019
11,Houston Texans,0.625,2019
12,Tennessee Titans,0.563,2019
13,Indianapolis Colts,0.438,2019
14,Jacksonville Jaguars,0.375,2019
16,Kansas City Chiefs,0.75,2019
17,Denver Broncos,0.438,2019
18,Oakland Raiders,0.438,2019
19,Los Angeles Chargers,0.313,2019
1,Philadelphia Eagles,0.563,2019
2,Dallas Cowboys,0.5,2019
3,New York Giants,0.25,2019
4,Washington Redskins,0.188,2019
6,Green Bay Packers,0.813,2019
7,Minnesota Vikings,0.625,2019
8,Chicago Bears,0.5,2019
9,Detroit Lions,0.219,2019
11,New Orleans Saints,0.813,2019
12,Atlanta Falcons,0.438,2019
13,Tampa Bay Buccaneers,0.438,2019
14,Carolina Panthers,0.313,2019
16,San Francisco 49ers,0.813,2019
17,Seattle Seahawks,0.688,2019
18,Los Angeles Rams,0.563,2019
19,Arizona Cardinals,0.344,2019
1,Buffalo Bills,0.813,2020
2,Miami Dolphins,0.625,2020
3,New England Patriots,0.438,2020
4,New York Jets,0.125,2020
6,Pittsburgh Steelers,0.75,2020
7,Baltimore Ravens,0.688,2020
8,Cleveland Browns,0.688,2020
9,Cincinnati Bengals,0.281,2020
11,Tennessee Titans,0.688,2020
12,Indianapolis Colts,0.688,2020
13,Houston Texans,0.25,2020
14,Jacksonville Jaguars,0.063,2020
16,Kansas City Chiefs,0.875,2020
17,Las Vegas Raiders,0.5,2020
18,Los Angeles Chargers,0.438,2020
19,Denver Broncos,0.313,2020
1,Washington Football Team,0.438,2020
2,New York Giants,0.375,2020
3,Dallas Cowboys,0.375,2020
4,Philadelphia Eagles,0.281,2020
6,Green Bay Packers,0.813,2020
7,Chicago Bears,0.5,2020
8,Minnesota Vikings,0.438,2020
9,Detroit Lions,0.313,2020
11,New Orleans Saints,0.75,2020
12,Tampa Bay Buccaneers,0.688,2020
13,Carolina Panthers,0.313,2020
14,Atlanta Falcons,0.25,2020
16,Seattle Seahawks,0.75,2020
17,Los Angeles Rams,0.625,2020
18,Arizona Cardinals,0.5,2020
19,San Francisco 49ers,0.375,2020
1,New England Patriots,0.643,2021
2,Buffalo Bills,0.571,2021
3,Miami Dolphins,0.5,2021
4,New York Jets,0.214,2021
6,Cincinnati Bengals,0.571,2021
7,Baltimore Ravens,0.571,2021
8,Pittsburgh Steelers,0.536,2021
9,Cleveland Browns,0.5,2021
11,Tennessee Titans,0.643,2021
12,Indianapolis Colts,0.571,2021
13,Houston Texans,0.214,2021
14,Jacksonville Jaguars,0.143,2021
16,Kansas City Chiefs,0.714,2021
17,Los Angeles Chargers,0.571,2021
18,Las Vegas Raiders,0.5,2021
19,Denver Broncos,0.5,2021
1,Dallas Cowboys,0.714,2021
2,Philadelphia Eagles,0.5,2021
3,Washington Football Team,0.429,2021
4,New York Giants,0.286,2021
6,Green Bay Packers,0.786,2021
7,Minnesota Vikings,0.5,2021
8,Chicago Bears,0.286,2021
9,Detroit Lions,0.179,2021
11,Tampa Bay Buccaneers,0.714,2021
12,New Orleans Saints,0.5,2021
13,Atlanta Falcons,0.429,2021
14,Carolina Panthers,0.357,2021
16,Arizona Cardinals,0.714,2021
17,Los Angeles Rams,0.714,2021
18,San Francisco 49ers,0.571,2021
19,Seattle Seahawks,0.357,2021
